{
  "students": [
    {
      "id": 5,
      "name": "Arif",
      "roll": "2",
      "subject": "Network",
      "marks": "90"
    }
  ],
  "users": [
    {
      "id": 1,
      "name": "Sakib Khan",
      "email": "s@gmail.com",
      "password": "123"
    },
    {
      "id": 2,
      "name": "Saraf Raz ",
      "email": "raz@gmail.com",
      "password": "1234"
    },
    {
      "name": "Saraf Raz ",
      "email": "sraz@gmai.com",
      "password": "12345",
      "id": 3
    }
  ],
  "Customers": [
    {
      "id": 1,
      "name": "Noman Hossain",
      "age": "35",
      "address": "Mohammadpur",
      "mobile": "017890675"
    },
    {
      "name": "Saraf Raz ",
      "age": "26",
      "address": "Signboard",
      "mobile": "01727356996",
      "id": 2
    },
    {
      "id": 3,
      "name": "Rajib Hossain",
      "age": "25",
      "address": "Zigatola",
      "mobile": "01777362626"
    },
    {
      "name": "Refayet Khan",
      "age": "26",
      "address": "Dhanmondi",
      "mobile": "01727356996",
      "id": 4
    },
    {
      "id": 5,
      "name": "Touhidul Islam",
      "age": "26",
      "address": "Gulsan",
      "mobile": "0188783996"
    }
  ],
  "Accounts": [
    {
      "id": 1,
      "customerid": "1",
      "name": "Noman Hossain"
    },
    {
      "id": 2,
      "customerid": "2",
      "name": "Saraf Raz "
    },
    {
      "customerid": "3",
      "name": "Rajib Hossain",
      "id": 3
    }
  ],
  "Deposits": [
    {
      "id": 1,
      "accno": "1",
      "date": "2021-08-15",
      "amount": "5000"
    },
    {
      "id": 2,
      "accno": "2",
      "date": "2021-08-10",
      "amount": 1500
    },
    {
      "id": 3,
      "accno": "2",
      "date": "2021-08-15",
      "amount": 3000
    },
    {
      "id": 4,
      "accno": "1",
      "date": "2021-08-15",
      "amount": 1000
    },
    {
      "id": 5,
      "accno": "1",
      "date": "2021-08-17",
      "amount": 1000
    },
    {
      "accno": "1",
      "date": "2021-08-15",
      "amount": 500,
      "id": 6
    }
  ],
  "Withdraws": [
    {
      "id": 1,
      "accno": "1",
      "date": "2021-08-15",
      "amount": "1000"
    },
    {
      "id": 2,
      "accno": "2",
      "date": "2021-08-15",
      "amount": "1000"
    },
    {
      "accno": "1",
      "date": "2021-08-14",
      "amount": 1000,
      "id": 3
    },
    {
      "id": 4,
      "accno": "1",
      "date": "2021-08-16",
      "amount": 1000
    },
    {
      "accno": "1",
      "amount": 1000,
      "date": "2021-08-16",
      "id": 5
    }
  ]
}